swizzle,swizzle_n_maj,denoise_dtype,skip_denoising,pipeline_stages,median_ms,mean_ms,min_ms,max_ms,tops
,True,fp16,False,,18.71726417541504,18.583091259002686,15.158559799194336,22.26131248474121,22.02869268456309
,True,fp16,False,1,19.443920135498047,18.834862422943115,15.053824424743652,22.00339126586914,21.20543890031971
,True,fp16,False,2,19.252256393432617,18.547753763198852,14.609824180603027,24.122783660888672,21.416547338142177
,True,fp16,True,,16.880383491516113,16.833873653411864,12.229727745056152,18.801855087280273,24.425799367841712
,True,fp16,True,1,16.871520042419434,17.17313117980957,13.931072235107422,18.673599243164062,24.438631455809972
,True,fp16,True,2,16.21996784210205,16.6256094455719,14.914719581604004,18.50579261779785,25.420325393355725
,True,int32,False,,16.060768127441406,15.959443187713623,12.817119598388672,18.30121612548828,25.672300175451504
,True,int32,False,1,16.5490083694458,16.735892677307127,14.217727661132812,20.57200050354004,24.914898295492723
,True,int32,False,2,16.856911659240723,17.046927881240844,14.591391563415527,19.394527435302734,24.4598102399127
,True,int32,True,,17.778976440429688,18.037048006057738,14.759903907775879,20.231103897094727,23.19125973294979
,True,int32,True,1,19.659456253051758,19.683686447143554,17.08905601501465,22.960927963256836,20.97295342804792
,True,int32,True,2,19.843520164489746,19.71092472076416,11.95206356048584,22.688159942626953,20.778413154428453
,False,fp16,False,,19.944719314575195,19.73685927391052,14.612383842468262,22.79257583618164,20.67298385666863
,False,fp16,False,1,19.56443214416504,19.59572639465332,16.82534408569336,22.175872802734375,21.07481870047379
,False,fp16,False,2,19.52190399169922,18.988761854171752,15.325920104980469,22.499263763427734,21.120729852545047
,False,fp16,True,,18.46720027923584,18.56983528137207,16.851551055908203,21.82080078125,22.326982660149145
,False,fp16,True,1,18.807168006896973,18.601134538650513,14.733920097351074,21.768192291259766,21.92338901129585
,False,fp16,True,2,16.330336570739746,16.383800077438355,13.7107515335083,18.624256134033203,25.248521892364312
,False,int32,False,,16.962303161621094,16.93474702835083,14.476639747619629,18.502304077148438,24.307834642933877
,False,int32,False,1,16.468416213989258,16.888251113891602,15.595744132995605,19.369279861450195,25.036825342424454
,False,int32,False,2,18.34231948852539,17.93670072555542,16.02422332763672,20.654016494750977,22.478992401911746
,False,int32,True,,18.29372787475586,17.978406190872192,15.673983573913574,20.7805118560791,22.538700872716607
,False,int32,True,1,16.12492847442627,16.125310468673707,13.527104377746582,18.005023956298828,25.570151276635066
,False,int32,True,2,15.770416259765625,16.168025732040405,13.358559608459473,17.858400344848633,26.14495734446313
0,True,fp16,False,,15.773663997650146,16.121643257141113,12.24681568145752,17.784448623657227,26.13957419642159
0,True,fp16,False,1,15.813455581665039,16.026563119888305,13.916288375854492,17.559839248657227,26.07379887885239
0,True,fp16,False,2,15.981056213378906,16.143703985214234,14.221695899963379,18.142112731933594,25.80035104756215
0,True,fp16,True,,16.196688652038574,16.765398454666137,14.096223831176758,19.618175506591797,25.456861539664427
0,True,fp16,True,1,16.04044818878174,16.27667999267578,13.915360450744629,17.895647048950195,25.70482168349656
0,True,fp16,True,2,16.458847999572754,16.53824167251587,12.53388786315918,18.396480560302734,25.05138029263671
0,True,int32,False,,16.113712310791016,16.299764728546144,14.199808120727539,18.05353546142578,25.587949720306227
0,True,int32,False,1,16.51792049407959,17.13191375732422,15.278240203857422,21.570432662963867,24.961789867179956
0,True,int32,False,2,17.55183982849121,18.18646879196167,14.879424095153809,20.994976043701172,23.491375516468782
0,True,int32,True,,17.82921600341797,18.64631986618042,16.959680557250977,22.474912643432617,23.125910883403755
0,True,int32,True,1,19.570207595825195,19.563331031799315,16.90105628967285,22.023040771484375,21.068599216288195
0,True,int32,True,2,19.54742431640625,18.996874952316283,9.29958438873291,21.791872024536133,21.093155483914085
0,False,fp16,False,,20.240464210510254,20.87628173828125,17.20889663696289,25.403295516967773,20.370919171008758
0,False,fp16,False,1,19.92955207824707,20.039228630065917,9.337984085083008,24.58345603942871,20.68871687618309
0,False,fp16,False,2,19.711615562438965,19.058129739761352,14.77353572845459,22.435039520263672,20.917456466718097
0,False,fp16,True,,19.377856254577637,18.532134532928467,14.691391944885254,22.445695877075195,21.277733460253028
0,False,fp16,True,1,17.14070415496826,17.3924081325531,14.757344245910645,22.13065528869629,24.05483792779244
0,False,fp16,True,2,19.151663780212402,18.79133286476135,14.444064140319824,23.280319213867188,21.52903607476693
0,False,int32,False,,20.50155258178711,20.182715272903444,15.227583885192871,26.759552001953125,20.1114944232218
0,False,int32,False,1,20.096720695495605,19.216857624053954,14.786591529846191,23.06015968322754,20.51662391409037
0,False,int32,False,2,19.054176330566406,19.17744493484497,15.030847549438477,22.253568649291992,21.639185723004353
0,False,int32,True,,26.29580783843994,25.472163248062134,9.294207572937012,40.99635314941406,15.679946512738955
0,False,int32,True,1,20.910719871520996,20.637571096420288,13.723423957824707,25.69046401977539,19.717965854324703
0,False,int32,True,2,19.984288215637207,19.463831996917726,9.302080154418945,23.506559371948242,20.632051337879144
4,True,fp16,False,,18.04528045654297,18.73075032234192,15.180031776428223,22.704511642456055,22.84901370244426
4,True,fp16,False,1,18.536479949951172,19.244521617889404,14.952192306518555,23.424991607666016,22.243536072073173
4,True,fp16,False,2,19.79425621032715,19.373702478408813,12.019007682800293,22.412384033203125,20.830126478856233
4,True,fp16,True,,20.004783630371094,19.891839694976806,17.115999221801758,22.767135620117188,20.61091327126498
4,True,fp16,True,1,20.146384239196777,20.043915271759033,16.705951690673828,22.73094367980957,20.466047679851005
4,True,fp16,True,2,20.028864860534668,20.103456020355225,17.247615814208984,22.645503997802734,20.586132229013067
4,True,int32,False,,20.356127738952637,20.324440002441406,9.365280151367188,26.269472122192383,20.25517159764171
4,True,int32,False,1,20.101136207580566,22.785927867889406,14.808095932006836,40.48668670654297,20.51211713398104
4,True,int32,False,2,20.025487899780273,19.759436893463135,17.695423126220703,23.063007354736328,20.58960373297692
4,True,int32,True,,19.40436840057373,19.127763271331787,11.956031799316406,22.791839599609375,21.248661739683783
4,True,int32,True,1,17.36916732788086,17.75243196487427,12.369536399841309,22.20204734802246,23.73843562173254
4,True,int32,True,2,18.891167640686035,18.43244333267212,14.851424217224121,21.658912658691406,21.825906596053407
4,False,fp16,False,,17.069839477539062,17.454528045654296,14.620320320129395,21.827903747558594,24.154700514819556
4,False,fp16,False,1,17.314671516418457,17.581187200546264,14.9716796875,19.79644775390625,23.813149445256574
4,False,fp16,False,2,19.181663513183594,18.599715137481688,15.704928398132324,20.36400032043457,21.49536509868468
4,False,fp16,True,,17.722304344177246,17.613809633255006,14.501248359680176,20.227008819580078,23.26542036569126
4,False,fp16,True,1,17.86569595336914,18.737486267089842,16.94633674621582,22.370880126953125,23.078690104890352
4,False,fp16,True,2,19.205936431884766,18.528235530853273,16.78313636779785,19.734176635742188,21.46819874564885
4,False,int32,False,,19.089872360229492,18.575438499450684,15.054464340209961,22.980192184448242,21.598722748665
4,False,int32,False,1,21.85105609893799,21.476068830490114,9.349504470825195,28.28495979309082,18.869424825468258
4,False,int32,False,2,23.678048133850098,22.910079860687254,18.03446388244629,27.034847259521484,17.413464914219535
4,False,int32,True,,23.141488075256348,22.149921703338624,17.813535690307617,25.956096649169922,17.8172146525384
4,False,int32,True,1,23.18841552734375,21.31977434158325,9.300607681274414,25.845216751098633,17.78115714416953
4,False,int32,True,2,21.38046360015869,19.13029899597168,9.318016052246094,27.2840633392334,19.284748363124347
8,True,fp16,False,,11.861023902893066,12.536291074752807,10.12054443359375,16.960351943969727,34.76233281305758
8,True,fp16,False,1,12.761568069458008,13.007351970672607,10.112735748291016,16.120832443237305,32.30926310715603
8,True,fp16,False,2,11.694960117340088,12.302216053009033,9.500351905822754,19.327007293701172,35.25594412285843
8,True,fp16,True,,24.18009662628174,23.617793846130372,9.297216415405273,30.71401596069336,17.05191119740382
8,True,fp16,True,1,24.143839836120605,22.684260654449464,18.16819190979004,26.97225570678711,17.07751804247598
8,True,fp16,True,2,23.40169620513916,22.164083099365236,9.300064086914062,26.252384185791016,17.619101487414945
8,True,int32,False,,22.68678379058838,21.19601445198059,9.350591659545898,25.991647720336914,18.17431964891603
8,True,int32,False,1,20.832096099853516,20.043451261520385,9.348320007324219,23.904415130615234,19.792384714416677
8,True,int32,False,2,20.188928604125977,20.69316644668579,17.675968170166016,22.857696533203125,20.42291933865849
8,True,int32,True,,19.235936164855957,18.890803194046022,15.065376281738281,22.06096076965332,21.434717649422367
8,True,int32,True,1,19.636272430419922,19.80464963912964,16.927871704101562,22.09881591796875,20.997715420634066
8,True,int32,True,2,19.744688034057617,19.5104238986969,11.700703620910645,22.478975296020508,20.882419600896938
8,False,fp16,False,,19.62604808807373,19.78909730911255,16.567455291748047,22.755647659301758,21.008654343742023
8,False,fp16,False,1,20.335984230041504,20.719700622558594,17.24224090576172,22.842079162597656,20.275235058793047
8,False,fp16,False,2,19.781039237976074,19.538993549346923,14.991104125976562,22.52934455871582,20.84404441321895
8,False,fp16,True,,19.82136058807373,20.21127853393555,17.399616241455078,22.555328369140625,20.80164268158695
8,False,fp16,True,1,20.094383239746094,19.975262260437013,15.367136001586914,22.797311782836914,20.519010486495024
8,False,fp16,True,2,20.068464279174805,19.618617486953735,9.311615943908691,22.910400390625,20.54551133959285
8,False,int32,False,,19.939711570739746,19.65588970184326,14.933919906616211,22.534751892089844,20.67817575761972
8,False,int32,False,1,24.214655876159668,22.75458393096924,9.35580825805664,27.22719955444336,17.0275746442444
8,False,int32,False,2,24.400896072387695,22.271996784210206,9.331168174743652,27.3571834564209,16.89761143167943
8,False,int32,True,,24.401936531066895,23.586174488067627,18.600191116333008,30.576160430908203,16.89689094515372
8,False,int32,True,1,23.856016159057617,22.466372871398924,9.294719696044922,29.840896606445312,17.28355890048524
8,False,int32,True,2,24.45359992980957,24.888680076599123,20.92095947265625,28.228191375732422,16.861192691443975
16,True,fp16,False,,24.68627166748047,23.995716762542724,9.327199935913086,33.23539352416992,16.702273472877238
16,True,fp16,False,1,23.39358425140381,22.470948886871337,16.372095108032227,26.282367706298828,17.625211082874465
16,True,fp16,False,2,24.023072242736816,23.965505504608153,15.885631561279297,30.707456588745117,17.163369291396968
16,True,fp16,True,,21.393375396728516,23.95211033821106,9.296992301940918,44.57302474975586,19.273109211136997
16,True,fp16,True,1,22.457536697387695,27.855665588378905,9.293855667114258,47.28105545043945,18.359843555948036
16,True,fp16,True,2,22.10859203338623,21.839689540863038,18.087583541870117,26.537471771240234,18.649620916309797
16,True,int32,False,,23.244175910949707,21.5770224571228,9.340160369873047,26.823680877685547,17.738501979834382
16,True,int32,False,1,24.909648895263672,23.729940938949586,13.387616157531738,35.15798568725586,16.552495868153247
16,True,int32,False,2,23.602208137512207,22.62287058830261,13.56668758392334,27.557920455932617,17.469418878680404
16,True,int32,True,,23.76252841949463,23.404355239868163,18.161855697631836,26.86992073059082,17.351556750911147
16,True,int32,True,1,22.277456283569336,21.910760021209718,14.828800201416016,26.256832122802734,18.508255842481574
16,True,int32,True,2,23.522735595703125,22.485513496398926,17.10860824584961,26.562528610229492,17.52844003787202
16,False,fp16,False,,23.681983947753906,23.241307163238524,9.333215713500977,41.62876892089844,17.410570893284714
16,False,fp16,False,1,24.565792083740234,24.42479524612427,18.213855743408203,30.314783096313477,16.784187499857047
16,False,fp16,False,2,24.14523220062256,22.824377632141115,13.524064064025879,28.273120880126953,17.07653324640087
16,False,fp16,True,,24.436063766479492,23.715902519226074,21.226335525512695,28.005216598510742,16.87329286567018
16,False,fp16,True,1,22.19647979736328,22.419548797607423,18.64361572265625,26.342815399169922,18.575777068261928
16,False,fp16,True,2,23.69431972503662,23.124607849121094,18.467615127563477,27.703039169311523,17.401506572072
16,False,int32,False,,27.33732795715332,28.101329612731934,19.49193572998047,45.40339279174805,15.082558948783786
16,False,int32,False,1,35.19223976135254,30.89931526184082,9.380191802978516,56.116512298583984,11.71613012448269
16,False,int32,False,2,15.085327625274658,16.976959943771362,10.014399528503418,40.69055938720703,27.332310617184422
16,False,int32,True,,12.251327991485596,13.189988851547241,9.918335914611816,17.289344787597656,33.65487077829858
16,False,int32,True,1,11.553152084350586,12.354798507690429,9.921792030334473,15.61292839050293,35.688689753725924
16,False,int32,True,2,13.030064105987549,13.656950521469117,11.256928443908691,16.958656311035156,31.643502062782098
32,True,fp16,False,,14.29694414138794,15.79985761642456,9.724160194396973,43.059295654296875,28.839509781841567
32,True,fp16,False,1,14.741392135620117,14.259195137023926,9.389311790466309,21.149951934814453,27.97000830197747
32,True,fp16,False,2,13.415055751800537,13.18782868385315,9.798784255981445,16.843679428100586,30.735381801201967
32,True,fp16,True,,13.39361572265625,13.579673624038696,9.711808204650879,17.21718406677246,30.7845819197677
32,True,fp16,True,1,12.271440029144287,12.642707300186157,9.73574447631836,16.73232078552246,33.59971278323981
32,True,fp16,True,2,10.759247779846191,11.456539106369018,9.416576385498047,14.58521556854248,38.322089875868095
32,True,int32,False,,11.235919952392578,10.965262317657471,9.478303909301758,13.723072052001953,36.69631522501201
32,True,int32,False,1,11.288095951080322,11.283502435684204,9.439295768737793,14.379167556762695,36.52669699149212
32,True,int32,False,2,12.179056167602539,12.347443151474,9.745087623596191,15.31494426727295,33.8545823865073
32,True,int32,True,,11.161231994628906,11.9786048412323,9.76576042175293,14.798175811767578,36.94187708081136
32,True,int32,True,1,12.252655982971191,12.140169763565064,9.77660846710205,14.975872039794922,33.65122312982918
32,True,int32,True,2,11.089904308319092,11.947707176208496,9.584959983825684,15.543968200683594,37.1794786458798
32,False,fp16,False,,10.963840007781982,11.628753566741944,9.704575538635254,14.717791557312012,37.60697530457788
32,False,fp16,False,1,11.454751968383789,11.464713525772094,9.748512268066406,14.34563159942627,35.995267427355394
32,False,fp16,False,2,10.752960205078125,11.846937608718871,9.715200424194336,14.464960098266602,38.34449793846366
32,False,fp16,True,,10.482816219329834,10.857465648651123,9.453120231628418,14.67244815826416,39.332642277530965
32,False,fp16,True,1,10.863999843597412,11.650431966781616,9.739935874938965,15.161503791809082,37.95258342708784
32,False,fp16,True,2,10.79372787475586,11.326782417297363,9.685279846191406,13.98031997680664,38.19967162413997
32,False,int32,False,,11.285935878753662,11.433897638320923,9.593055725097656,13.670207977294922,36.533688020699024
32,False,int32,False,1,10.577040195465088,11.08551516532898,9.355039596557617,13.118207931518555,38.98225333328894
32,False,int32,False,2,11.3396315574646,11.641329574584962,9.700384140014648,13.946784019470215,36.360692878472044
32,False,int32,True,,10.856080055236816,11.380571126937866,9.711551666259766,13.581567764282227,37.98027080844013
32,False,int32,True,1,10.878064155578613,11.326472043991089,9.353759765625,13.559904098510742,37.90351431275122
32,False,int32,True,2,11.361584186553955,11.450158309936523,9.382783889770508,13.347647666931152,36.29043746416655
64,True,fp16,False,,10.574592113494873,10.909832000732422,9.347840309143066,13.327520370483398,38.99127796048205
64,True,fp16,False,1,10.646671772003174,11.294718360900879,9.351712226867676,14.211039543151855,38.72730081716631
64,True,fp16,False,2,10.270800113677979,11.249283266067504,9.79043197631836,13.62822437286377,40.14457061304342
64,True,fp16,True,,10.670079708099365,11.062553596496581,9.662240028381348,12.995936393737793,38.642341172298984
64,True,fp16,True,1,10.585503578186035,11.324724674224854,9.616031646728516,13.828415870666504,38.951086017832694
64,True,fp16,True,2,10.358880043029785,10.964076805114747,9.366016387939453,13.37724781036377,39.80322763689469
64,True,int32,False,,10.650847911834717,11.414451122283936,9.40287971496582,13.713600158691406,38.71211605208005
64,True,int32,False,1,10.75705623626709,11.389025735855103,9.699295997619629,13.455967903137207,38.32989726556288
64,True,int32,False,2,10.53886365890503,11.244921445846558,9.39798355102539,13.725472450256348,39.12346470746914
64,True,int32,True,,11.27243185043335,11.578374338150024,9.66051197052002,13.703328132629395,36.57745426069257
64,True,int32,True,1,11.33080005645752,11.496614360809327,9.350591659545898,13.622655868530273,36.389033286402146
64,True,int32,True,2,10.596992015838623,11.329214429855346,9.666784286499023,13.58569622039795,38.908858268434784
64,False,fp16,False,,10.8854398727417,11.388260841369629,9.356191635131836,14.02064037322998,37.87783178596993
64,False,fp16,False,1,10.583616256713867,11.231564712524413,9.467391967773438,14.111807823181152,38.95803196326595
64,False,fp16,False,2,11.256928443908691,12.364830446243285,10.773664474487305,14.680543899536133,36.627829915638436
64,False,fp16,True,,11.258831977844238,11.977868747711181,10.848959922790527,14.434847831726074,36.62163723798173
64,False,fp16,True,1,11.225696086883545,11.753508853912354,10.80675220489502,14.474720001220703,36.72973659938682
64,False,fp16,True,2,12.228511810302734,12.155212831497192,10.694751739501953,13.968095779418945,33.71766465226094
64,False,int32,False,,10.95699167251587,11.571793603897095,9.608192443847656,14.060288429260254,37.63048040368973
64,False,int32,False,1,10.605999946594238,11.084180784225463,9.443807601928711,13.611776351928711,38.87581203961836
64,False,int32,False,2,10.819375991821289,11.123307275772095,9.467840194702148,13.426336288452148,38.10911652646912
64,False,int32,True,,10.236464023590088,11.026931285858154,9.716896057128906,13.246687889099121,40.279227227860076
64,False,int32,True,1,10.332543849945068,11.245655822753907,9.448415756225586,13.323871612548828,39.90468043532107
64,False,int32,True,2,10.52132797241211,11.390183973312379,9.58176040649414,13.283967971801758,39.18867100209524
128,True,fp16,False,,11.23310375213623,11.693873500823974,10.240991592407227,13.671775817871094,36.70551519098971
128,True,fp16,False,1,11.441376209259033,12.043276834487916,9.795455932617188,14.67465591430664,36.03734838142364
128,True,fp16,False,2,11.17131233215332,11.406801652908324,9.589759826660156,13.637632369995117,36.908542896009436
128,True,fp16,True,,10.776895999908447,11.393067121505737,9.6561918258667,13.604479789733887,38.2593337097716
128,True,fp16,True,1,11.219344139099121,11.579758358001708,9.853216171264648,13.62720012664795,36.75053151984942
128,True,fp16,True,2,10.710160255432129,11.446862316131591,9.58672046661377,13.860799789428711,38.49773024702178
128,True,int32,False,,10.816128253936768,11.295284843444824,9.60598373413086,13.457568168640137,38.12055947708721
128,True,int32,False,1,12.026607990264893,11.856254434585571,9.418527603149414,13.804351806640625,34.28371996075333
128,True,int32,False,2,10.793007850646973,11.619876718521118,9.430272102355957,14.013983726501465,38.202220004063484
128,True,int32,True,,11.233232021331787,11.66091685295105,9.786975860595703,14.074687957763672,36.705096060778835
128,True,int32,True,1,10.945600032806396,11.673019170761108,9.327296257019043,13.792256355285645,37.66964434843177
128,True,int32,True,2,10.603903770446777,11.264991998672485,9.73465633392334,13.605024337768555,38.88349699712785
128,False,fp16,False,,10.955711841583252,11.474883270263671,10.105376243591309,13.682656288146973,37.63487634377343
128,False,fp16,False,1,19.144944190979004,17.260388946533205,9.409279823303223,21.964128494262695,21.536592444614254
128,False,fp16,False,2,19.321743965148926,19.56370096206665,17.162464141845703,22.64240074157715,21.339526140068177
128,False,fp16,True,,19.222479820251465,18.358515357971193,12.707776069641113,21.856992721557617,21.449722630563603
128,False,fp16,True,1,19.3089599609375,18.9607150554657,12.454272270202637,22.088319778442383,21.353654533963876
128,False,fp16,True,2,19.212224006652832,19.0011549949646,16.59756851196289,21.66556739807129,21.46117285917666
128,False,int32,False,,19.19875144958496,18.512940692901612,14.758879661560059,21.721696853637695,21.47623305081714
128,False,int32,False,1,19.316399574279785,19.000257587432863,12.242431640625,24.496864318847656,21.34543028220482
128,False,int32,False,2,17.398639678955078,17.76068811416626,14.551360130310059,24.04102325439453,23.698224000507768
128,False,int32,True,,21.409135818481445,22.135591888427733,17.06867218017578,29.283935546875,19.258921233993355
128,False,int32,True,1,23.385295867919922,24.730550289154053,19.945215225219727,29.761184692382812,17.63145793599381
128,False,int32,True,2,20.005359649658203,20.1503821849823,13.54428768157959,29.878623962402344,20.610319816122104
